ID	valid_relation	spatial_relation	temporal_span	narrative_tense
SRAAGF	VALID	IN	PUNCTUAL	ALREADY HAPPENED
PPMECB	VALID	IN	PUNCTUAL	ALREADY HAPPENED
ZMHOKN	VALID	NEAR	PUNCTUAL	ALREADY HAPPENED
QWMPOS	VALID	TO	PUNCTUAL	ALREADY HAPPENED
ULXGLO	VALID	IN	HABITUAL	ONGOING
QIHEVB	VALID	NO REL		
ZRLXQL	VALID	IN	HABITUAL	ALREADY HAPPENED
LRWXMZ	INVALID			
VXVGJP	INVALID			
KCUBGG	VALID	TO	HABITUAL	ONGOING
HATTWP	INVALID			
WEFSHY	VALID	NO REL		
UFZZXG	VALID	NEAR	PUNCTUAL	ONGOING
IRUKQA	VALID	IN	HABITUAL	ONGOING
MFESIQ	VALID	NEAR	PUNCTUAL	ONGOING
QERSVL	VALID	NO REL		
IOJDTV	VALID	IN	PUNCTUAL	ONGOING
DHTITV	VALID	IN	PUNCTUAL	ALREADY HAPPENED
CREVAA	VALID	NEAR	PUNCTUAL	ONGOING
UXKGQX	VALID	IN	PUNCTUAL	ONGOING
UOMSLZ	INVALID			
LWYSRV	INVALID			
MCZPOQ	VALID	IN	PUNCTUAL	ONGOING
SSQMKQ	VALID	NO REL		
SPGLFO	VALID	IN	HABITUAL	ONGOING
AVQAYG	VALID	TO	HABITUAL	ONGOING
MASANC	INVALID			
ZXUUFU	VALID	THRU	PUNCTUAL	ONGOING
XWUVQU	VALID	IN	HABITUAL	ONGOING
WISHIB	VALID	TO	HABITUAL	ONGOING
FROPBY	VALID	IN	PUNCTUAL	ONGOING
AVSYGZ	INVALID			
EDZDPN	VALID	IN	HABITUAL	ALREADY HAPPENED
ALBAQA	INVALID			
XCFWJY	INVALID			
KASLHF	INVALID			
VAGSVB	INVALID			
LOVMEO	INVALID			
YMSASB	VALID	NO REL		
MQLFFC	VALID	IN	HABITUAL	ONGOING
PODZYX	VALID	NO REL		
QFZTBO	VALID	IN	PUNCTUAL	ONGOING
RHORIY	VALID	NO REL		
ONVTFB	VALID	NO REL		
GJUSDI	VALID	NEAR	PUNCTUAL	ONGOING
ACRICI	VALID	TO	HABITUAL	ONGOING
NKZQXZ	VALID	TO	PUNCTUAL	ONGOING
CHGKRA	INVALID			
RMGOCY	VALID	FROM	PUNCTUAL	ALREADY HAPPENED
AYVUVR	VALID	NEAR	HABITUAL	ALREADY HAPPENED
QWSPGL	INVALID			
ROARAP	VALID	NO REL		
SAQFDF	VALID	NO REL		
ENLDLA	VALID	IN	PUNCTUAL	ONGOING
KACADQ	VALID	TO	PUNCTUAL	ONGOING
YROJBO	VALID	NO REL		
FRKUFN	VALID	IN	HABITUAL	ALREADY HAPPENED
ERJUDX	VALID	NO REL		
EUZRSB	INVALID			
MPVPOB	VALID	IN	PUNCTUAL	ALREADY HAPPENED
VYXTOQ	VALID	IN	HABITUAL	ONGOING
TJXGFZ	INVALID			
RGKRPO	INVALID			
ELCLGY	VALID	IN	HABITUAL	ONGOING
ZNKGMN	VALID	NEAR	PUNCTUAL	ONGOING
XGDAQK	VALID	IN	HABITUAL	ALREADY HAPPENED
OZSFFN	VALID	FROM	HABITUAL	ALREADY HAPPENED
QSHEFP	INVALID			
WAZMCI	INVALID			
QIQIYO	VALID	IN	PUNCTUAL	ALREADY HAPPENED
BQWOOE	VALID	NO REL		
ZKRVTG	VALID	IN	PUNCTUAL	ONGOING
CMNOMG	VALID	NEAR	PUNCTUAL	ONGOING
AQHCMP	VALID	IN	PUNCTUAL	ALREADY HAPPENED
RVJIEK	VALID	IN	PUNCTUAL	ONGOING
XNCQKL	VALID	TO	HABITUAL	ONGOING
IZWLEJ	VALID	NO REL		
RMALTX	VALID	TO	PUNCTUAL	ONGOING
RDANCD	VALID	NO REL		
UURSJY	VALID	IN	PUNCTUAL	ONGOING
HDYFWM	VALID	NO REL		
EZNKGN	VALID	NO REL		
RPRMJY	INVALID			
SYEVTH	VALID	IN	PUNCTUAL	ONGOING
SCSBZZ	VALID	IN	PUNCTUAL	ONGOING
WSBMJL	VALID	IN	PUNCTUAL	ONGOING
YRPAGF	VALID	IN	PUNCTUAL	ONGOING
ZVEPYT	VALID	IN	PUNCTUAL	ONGOING
DWYFLD	INVALID			
LHMZYB	VALID	IN	HABITUAL	ALREADY HAPPENED
NURBLK	VALID	IN	HABITUAL	ONGOING
RTBQSW	VALID	NO REL		
TBLDAQ	VALID	NO REL		
ROJMJL	INVALID			
TESLQO	VALID	THRU	PUNCTUAL	ONGOING
KNISOZ	VALID	NO REL		
HWJHWC	INVALID			
QGUWKC	VALID	IN	PUNCTUAL	ALREADY HAPPENED
BHWQCL	VALID	TO	PUNCTUAL	ALREADY HAPPENED
DYIZVL	INVALID			
ZZKDJM	VALID	IN	HABITUAL	ALREADY HAPPENED
NZVLAQ	INVALID			
MBRLQY	VALID	IN	PUNCTUAL	ONGOING
XRNUSZ	INVALID			
ANMLBV	VALID	TO	HABITUAL	ONGOING
DHXEPC	VALID	IN	PUNCTUAL	ALREADY HAPPENED
WBETWI	VALID	IN	PUNCTUAL	ONGOING
KWIYFH	VALID	TO	HABITUAL	ONGOING
AJMKHQ	VALID	TO	HABITUAL	ALREADY HAPPENED
OUJQYU	VALID	NO REL		
MEVMHB	VALID	NO REL		
GVZIMT	VALID	IN	HABITUAL	ONGOING
FYEZID	VALID	IN	PUNCTUAL	ONGOING
AREHCA	VALID	NEAR	PUNCTUAL	ONGOING
SXMUHE	VALID	NO REL		
BWCUVM	VALID	NO REL		
QKQSBF	VALID	IN	PUNCTUAL	ONGOING
NDRXAA	VALID	TO	HABITUAL	ONGOING
VAAMWV	VALID	THRU	PUNCTUAL	ONGOING
VOPSST	INVALID			
SPOMIY	VALID	TO	HABITUAL	ALREADY HAPPENED
HTOBCX	INVALID			
KDOYBD	VALID	IN	HABITUAL	ALREADY HAPPENED
AEFXTJ	VALID	IN	HABITUAL	ONGOING
ULJJBR	VALID	IN	PUNCTUAL	ONGOING
QSRBQP	VALID	IN	PUNCTUAL	ONGOING
HBQVWE	VALID	NO REL		
EMPIKA	VALID	IN	HABITUAL	ALREADY HAPPENED
DUDUTN	VALID	IN	HABITUAL	ONGOING
XEUFWF	VALID	FROM	PUNCTUAL	ONGOING
TCIJES	VALID	IN	PUNCTUAL	ALREADY HAPPENED
IYVBNR	INVALID			
MIBSMK	VALID	THRU	PUNCTUAL	ALREADY HAPPENED
QWNIHX	VALID	TO	PUNCTUAL	ONGOING
JJCNFW	VALID	NO REL		
IUSNOA	VALID	NO REL		
FGHLQU	VALID	NO REL		
CYWHNR	VALID	NO REL		
FTGQLQ	INVALID			
WRZVCF	VALID	NEAR	HABITUAL	ONGOING
PYWBNP	INVALID			
ZADEFS	INVALID			
UTUFIY	VALID	NO REL		
SWBZOD	VALID	IN	PUNCTUAL	ONGOING
ERMRKF	VALID	THRU	PUNCTUAL	ALREADY HAPPENED
CRXKLG	INVALID			
KHWBBP	VALID	NO REL		
SDBTFY	VALID	NO REL		
YCVVSP	VALID	NO REL		
ZQJQJS	VALID	IN	PUNCTUAL	ALREADY HAPPENED
STSLFH	VALID	IN	HABITUAL	ONGOING
SHWDKG	INVALID			
NPVPIP	INVALID			
CHOCZX	VALID	IN	HABITUAL	ALREADY HAPPENED
XOKXIV	VALID	IN	PUNCTUAL	ONGOING
DXUJEC	VALID	IN	PUNCTUAL	ALREADY HAPPENED
ZRKMAE	VALID	NO REL		
OKNPBN	VALID	TO	PUNCTUAL	ONGOING
VDCHXM	VALID	NEAR	PUNCTUAL	ONGOING
BIBFTX	VALID	FROM	PUNCTUAL	ONGOING
NNQHOO	VALID	IN	HABITUAL	ONGOING
UKQIKH	VALID	NO REL		
YHUOYZ	INVALID			
IXIWKG	VALID	IN	HABITUAL	ALREADY HAPPENED
RFQKKZ	VALID	IN	PUNCTUAL	ONGOING
TCPFCB	VALID	NO REL		
GHVNTU	VALID	IN	PUNCTUAL	ONGOING
ZLIUUE	VALID	NO REL		
WNNOUW	VALID	IN	PUNCTUAL	ONGOING
VJVRXB	VALID	IN	PUNCTUAL	ONGOING
MTPWAW	VALID	IN	PUNCTUAL	ONGOING
OUHYIH	VALID	NO REL		
KFXCRT	VALID	NO REL		
ZXVBKR	INVALID			
VYNBWI	VALID	IN	PUNCTUAL	ALREADY HAPPENED
RPCZXK	VALID	IN	PUNCTUAL	ONGOING
MHSGKH	INVALID			
MEELPC	VALID	IN	HABITUAL	ONGOING
WKIXXL	VALID	FROM	PUNCTUAL	ONGOING
OCVIAO	VALID	NEAR	HABITUAL	ONGOING
DUYTGK	VALID	TO	PUNCTUAL	ONGOING
MDHQCE	VALID	NEAR	PUNCTUAL	ONGOING
ZQBKZA	VALID	IN	HABITUAL	ONGOING
DFZIKO	INVALID			
WZQHLH	INVALID			
CMACMC	VALID	IN	PUNCTUAL	ONGOING
NPFAZK	VALID	IN	PUNCTUAL	ALREADY HAPPENED
WHQVMM	VALID	NEAR	PUNCTUAL	ONGOING
SDRQOU	VALID	IN	HABITUAL	ONGOING
UUTVOI	VALID	IN	HABITUAL	ONGOING
EYRMCO	VALID	NO REL		
AEEMYK	VALID	NEAR	PUNCTUAL	ONGOING
XDVQNX	VALID	IN	PUNCTUAL	ONGOING
HRVMCH	VALID	IN	PUNCTUAL	ONGOING
SNQGAQ	VALID	NEAR	PUNCTUAL	ONGOING
JKWAAT	VALID	NO REL		
WHOTRZ	VALID	IN	HABITUAL	ALREADY HAPPENED
QXQQWU	INVALID			
RYVPHE	VALID	IN	HABITUAL	ONGOING
HVVIQE	VALID	IN	HABITUAL	ONGOING
WXNYMJ	VALID	NEAR	PUNCTUAL	ONGOING
BNBWAD	VALID	IN	HABITUAL	ALREADY HAPPENED
VTEJFB	INVALID			
FTZCAG	VALID	IN	HABITUAL	ALREADY HAPPENED
FSZTYM	VALID	NEAR	PUNCTUAL	ONGOING
FMGTCM	VALID	NO REL		
FWXUNH	VALID	NO REL		
KXURUQ	VALID	IN	PUNCTUAL	ONGOING
NFBQEP	VALID	NO REL		
DOZBFE	VALID	NO REL		
IXNOTI	INVALID			
QRQUXW	VALID	NEAR	PUNCTUAL	ONGOING
DBEZSB	INVALID			
DFXZTH	VALID	NO REL		
EHCOPT	VALID	IN	PUNCTUAL	ALREADY HAPPENED
WTANSS	INVALID			
LBTVKZ	VALID	IN	PUNCTUAL	ALREADY HAPPENED
AXXBSK	VALID	NO REL		
GNCPBP	INVALID			
TKYYNN	INVALID			
URAWCH	VALID	IN	HABITUAL	ONGOING
NOOWCA	VALID	IN	HABITUAL	ALREADY HAPPENED
MSWJQU	VALID	IN	PUNCTUAL	ALREADY HAPPENED
QCEGZG	VALID	NO REL		
CIZWKI	VALID	NO REL		
WDGFPG	INVALID			
FLBMDT	VALID	IN	HABITUAL	ONGOING
UIXNHG	INVALID			
NDRKEE	VALID	IN	PUNCTUAL	ALREADY HAPPENED
NMTLYW	VALID	IN	HABITUAL	ONGOING
GJDZMR	VALID	NO REL		
IHHQDZ	VALID	NO REL		
ZXDZEJ	INVALID			
DTDMLK	VALID	IN	HABITUAL	ONGOING
FXKONG	VALID	NEAR	PUNCTUAL	ONGOING
MDVQSM	VALID	NO REL		
DTNQSM	VALID	NO REL		
VRCSEB	VALID	IN	HABITUAL	ALREADY HAPPENED
JTQONP	VALID	NO REL		
WUHFPP	VALID	IN	HABITUAL	ALREADY HAPPENED
GCSSQF	VALID	IN	PUNCTUAL	ONGOING
LELDFR	VALID	TO	HABITUAL	ALREADY HAPPENED
HEZADQ	VALID	NO REL		
OHEAZH	VALID	IN	HABITUAL	ONGOING
UHWQQD	VALID	IN	PUNCTUAL	ONGOING
ZVDNUH	VALID	THRU	PUNCTUAL	ONGOING
JLYQDZ	VALID	IN	HABITUAL	ALREADY HAPPENED
WAQPIS	VALID	NEAR	PUNCTUAL	ALREADY HAPPENED
LEXJOJ	VALID	IN	HABITUAL	ALREADY HAPPENED
MZBSQV	INVALID			
SBOMET	VALID	NO REL		
SNDIPC	VALID	IN	HABITUAL	ONGOING
PUMHHR	VALID	NO REL		
VKJCBB	VALID	IN	HABITUAL	ONGOING
DDWGZQ	VALID	TO	PUNCTUAL	ALREADY HAPPENED
KYQXHC	VALID	IN	PUNCTUAL	ALREADY HAPPENED
XZBHOP	VALID	NO REL		
VQSHUN	INVALID			
QTLDAY	VALID	NEAR	HABITUAL	ONGOING
UZHWAJ	INVALID			
DZJOGB	VALID	NO REL		
GRGOJN	VALID	IN	HABITUAL	ONGOING
HKQAEN	INVALID			
NKJGPV	INVALID			
EZHOGU	VALID	IN	PUNCTUAL	ONGOING
SGVMMM	VALID	NO REL		
MFPRFZ	VALID	NEAR	PUNCTUAL	ONGOING
FNJAYN	VALID	IN	HABITUAL	ALREADY HAPPENED
TWVEIC	VALID	IN	HABITUAL	ONGOING
QSLXZR	INVALID			
IBFPAP	VALID	NO REL		
RNWJSO	VALID	NO REL		
OWYIES	VALID	NO REL		
IVOBBW	VALID	IN	HABITUAL	ONGOING
YERHMX	VALID	IN	PUNCTUAL	ONGOING
JTSORE	INVALID			
HMLYLE	VALID	IN	HABITUAL	ALREADY HAPPENED
MQQKPZ	VALID	NO REL		
JKRCOM	VALID	TO	PUNCTUAL	ONGOING
IJMHSP	VALID	NO REL		
OBPEOT	VALID	IN	HABITUAL	ONGOING
XRGEFK	VALID	IN	PUNCTUAL	ALREADY HAPPENED
QAXCYY	VALID	NO REL		
SFHJSL	VALID	NO REL		
BDGCQZ	INVALID			
GHXXPF	VALID	IN	PUNCTUAL	ONGOING
QIYPUF	VALID	TO	PUNCTUAL	ONGOING
MIEBHG	INVALID			
OBLXEO	VALID	TO	PUNCTUAL	ONGOING
WKLWRQ	VALID	FROM	PUNCTUAL	ONGOING
XCHXGX	VALID	IN	PUNCTUAL	ONGOING
FHPYGR	VALID	IN	HABITUAL	ALREADY HAPPENED
BQUVSP	VALID	THRU	HABITUAL	ONGOING
CDGFGP	VALID	FROM	PUNCTUAL	ONGOING
MFJPOO	VALID	TO	PUNCTUAL	ONGOING
EJNYWS	VALID	TO	HABITUAL	ONGOING
NSOXNH	VALID	IN	PUNCTUAL	ONGOING
TYHFQQ	VALID	IN	PUNCTUAL	ONGOING
SVBYTH	INVALID			
PXCOIF	VALID	IN	HABITUAL	ALREADY HAPPENED
UMLTPS	VALID	IN	PUNCTUAL	ONGOING
IVUQPN	VALID	NEAR	PUNCTUAL	ONGOING
BFJMJI	VALID	IN	PUNCTUAL	ONGOING
AZIGEV	VALID	FROM	PUNCTUAL	ONGOING
EFVFHR	VALID	IN	PUNCTUAL	ALREADY HAPPENED
VSAEGW	VALID	IN	PUNCTUAL	ONGOING
OKTMHU	VALID	NO REL		
MDZAXX	VALID	IN	PUNCTUAL	ONGOING
LMBVDA	VALID	NO REL		
REOXCP	VALID	TO	PUNCTUAL	ONGOING
LNNQTD	INVALID			
LDGYOK	VALID	IN	HABITUAL	ALREADY HAPPENED
TPVLXR	VALID	IN	HABITUAL	ONGOING
HEYMYC	VALID	NEAR	PUNCTUAL	ONGOING
FVPADD	INVALID			
QLNOHN	VALID	IN	HABITUAL	ONGOING
UOADDK	VALID	IN	HABITUAL	ONGOING
OGTRTL	VALID	IN	PUNCTUAL	ONGOING
EAYZRI	VALID	FROM	HABITUAL	ONGOING
ZJVXLA	VALID	TO	PUNCTUAL	ONGOING
ZZGDIB	VALID	FROM	HABITUAL	ALREADY HAPPENED
WQTDWU	VALID	NO REL		
YJHRZF	INVALID			
EMPRCO	VALID	NO REL		
JGZBGQ	VALID	NEAR	HABITUAL	ONGOING
EYTJPU	VALID	IN	HABITUAL	ONGOING
EOAWNW	VALID	IN	HABITUAL	ONGOING
DDXEEZ	VALID	NEAR	PUNCTUAL	ONGOING
AQXWIF	INVALID			
PJIMKP	VALID	IN	PUNCTUAL	ONGOING
CYOEEU	INVALID			
IPMMOJ	VALID	NO REL		
KEGKIB	VALID	IN	PUNCTUAL	ONGOING
DYNOHE	VALID	IN	HABITUAL	ONGOING
UYHEYW	INVALID			
INTBUW	INVALID			
QROQPE	VALID	IN	HABITUAL	ALREADY HAPPENED
PDSSQF	VALID	NEAR	PUNCTUAL	ONGOING
QFGTGP	VALID	NO REL		
OZNIQN	VALID	NO REL		
OXIAUD	VALID	IN	HABITUAL	ALREADY HAPPENED
ONDBWD	VALID	FROM	PUNCTUAL	ALREADY HAPPENED
PVXZSD	VALID	NO REL		
LBXEEP	INVALID			
JTTJCR	INVALID			
PRVAUS	VALID	NO REL		
HGVZOR	INVALID			
RNLLWK	INVALID			
IDVYGT	INVALID			
ISIOSM	INVALID			
IAIGSE	VALID	NO REL		
REYVPT	VALID	NO REL		
BAZPKQ	VALID	NO REL		
FFXMBE	INVALID			
MDODWE	INVALID			
YZMYOU	INVALID			
RDVFTL	VALID	THRU	PUNCTUAL	ONGOING
OWIWRH	VALID	IN	HABITUAL	ONGOING
LVIBUQ	VALID	NO REL		
XCKHBD	VALID	IN	HABITUAL	ONGOING
XELHSP	INVALID			
QLFQWT	VALID	IN	PUNCTUAL	ONGOING
MADJZM	VALID	IN	PUNCTUAL	ONGOING
GECDGP	INVALID			
ERLXOR	INVALID			
BPIXGR	VALID	FROM	HABITUAL	ONGOING
HSJAFZ	INVALID			
HGXIVT	VALID	NEAR	HABITUAL	ONGOING
QYEYTJ	VALID	FROM	PUNCTUAL	ONGOING
QQSHPJ	VALID	NEAR	PUNCTUAL	ONGOING
YDODYS	VALID	NO REL		
AAQUZC	VALID	IN	HABITUAL	ONGOING
ZCPLQX	VALID	NO REL		
CRNEIK	VALID	NO REL		
KEFZXC	VALID	IN	HABITUAL	ONGOING
GLSEJB	INVALID			
YZAUES	VALID	NO REL		
DZEZGG	VALID	NO REL		
AHWGDT	VALID	IN	HABITUAL	ALREADY HAPPENED
XSHNJE	INVALID			
PGICMB	VALID	TO	HABITUAL	ONGOING
QYNHVV	INVALID			
QQPMSX	VALID	IN	HABITUAL	ONGOING
AHKTCN	VALID	NEAR	HABITUAL	ONGOING
LQWENB	VALID	NO REL		
HSQCWR	INVALID			
CFDBUL	VALID	IN	HABITUAL	ONGOING
QIMERE	INVALID			
GTESLS	VALID	IN	HABITUAL	ONGOING
IFITDU	VALID	IN	PUNCTUAL	ONGOING
ZCBNEI	VALID	IN	HABITUAL	ALREADY HAPPENED
PXDQKF	VALID	TO	HABITUAL	ONGOING
LYZFHJ	VALID	IN	HABITUAL	ONGOING
ZRABSF	VALID	NO REL		
TVBVLC	INVALID			
HBWPEN	VALID	IN	HABITUAL	ONGOING
QHVOGL	VALID	IN	HABITUAL	ONGOING
IHQNKQ	VALID	NEAR	HABITUAL	ALREADY HAPPENED
PMVROV	VALID	NO REL		
QRLZXL	VALID	NO REL		
RCJXRL	INVALID			
DKGJHL	INVALID			
ZULQUP	VALID	IN	HABITUAL	ALREADY HAPPENED
TCVUCT	VALID	IN	PUNCTUAL	ONGOING
ROSATA	VALID	IN	HABITUAL	ONGOING
KZKBKB	VALID	IN	HABITUAL	ALREADY HAPPENED
WTIAYN	VALID	TO	PUNCTUAL	ONGOING
DZHJFX	VALID	TO	PUNCTUAL	ONGOING
QUGKZY	VALID	IN	PUNCTUAL	ONGOING
NQIHQO	VALID	IN	HABITUAL	ALREADY HAPPENED
EWPAJF	VALID	NO REL		
EUTVDD	VALID	TO	PUNCTUAL	ONGOING
GVOQKC	VALID	NO REL		
JJYVIL	VALID	NO REL		
VGRLGK	VALID	IN	HABITUAL	ONGOING
BXHSDT	VALID	NO REL		
WSLASE	VALID	IN	PUNCTUAL	ONGOING
EPIHSD	INVALID			
VMSQJA	VALID	IN	HABITUAL	ONGOING
XEIHBV	VALID	IN	HABITUAL	ONGOING
PTXKLE	INVALID			
ORGKOU	INVALID			
GXFVAY	VALID	IN	PUNCTUAL	ONGOING
FMQYZF	VALID	NEAR	PUNCTUAL	ONGOING
MKPJBW	VALID	IN	PUNCTUAL	ONGOING
UOOAWU	VALID	IN	HABITUAL	ONGOING
PVWTGD	INVALID			
UQSERP	VALID	TO	PUNCTUAL	ONGOING
UQLYTH	VALID	NO REL		
KKHIJG	INVALID			
SHMKBZ	VALID	NO REL		
DUUPSP	VALID	NO REL		
XDSBCU	VALID	NEAR	PUNCTUAL	ONGOING
LSZBDE	INVALID			
KQICQW	VALID	NO REL		
ONHBRY	VALID	IN	PUNCTUAL	ONGOING
SELQXZ	VALID	NEAR	PUNCTUAL	ALREADY HAPPENED
HHYXSP	VALID	IN	PUNCTUAL	ALREADY HAPPENED
DZIPDS	INVALID			
CTDGIA	VALID	NO REL		
BBDQET	VALID	NO REL		
DSTTRF	VALID	IN	PUNCTUAL	ONGOING
GBTCIW	VALID	TO	PUNCTUAL	ONGOING
DFCXIP	VALID	IN	PUNCTUAL	ONGOING
IAYOLX	INVALID			
JZFNHL	VALID	IN	PUNCTUAL	ALREADY HAPPENED
NZPFWW	INVALID			
EAVRWS	INVALID			
YBCGQF	VALID	NO REL		
VVRENG	VALID	TO	PUNCTUAL	ONGOING
JHWJYP	VALID	NO REL		
BLNUNS	VALID	TO	HABITUAL	ONGOING
WRTHQT	VALID	IN	PUNCTUAL	ONGOING
EXKHEJ	VALID	IN	HABITUAL	ALREADY HAPPENED
JVZRHN	VALID	NO REL		
LLTLVD	INVALID			
DFPFUH	VALID	NEAR	PUNCTUAL	ONGOING
OVUULN	VALID	NO REL		
UCWYZY	INVALID			
QQMZRT	INVALID			
UTFIMY	VALID	IN	PUNCTUAL	ONGOING
URGUDM	INVALID			
YIESAM	VALID	NEAR	HABITUAL	ONGOING
AZGNLB	VALID	IN	HABITUAL	ALREADY HAPPENED
EDPSPA	INVALID			
OSLDNH	VALID	FROM	PUNCTUAL	ONGOING
KLPJBX	VALID	IN	PUNCTUAL	ONGOING
BPONOT	VALID	NEAR	PUNCTUAL	ONGOING
MPPHIC	VALID	NO REL		
DFEPZQ	VALID	NO REL		
IQRYAK	INVALID			
JXJBFT	VALID	NO REL		
QIFYZM	VALID	TO	PUNCTUAL	ALREADY HAPPENED
AUWSAL	VALID	NEAR	PUNCTUAL	ONGOING
KRFTXO	INVALID			
AKAQNB	VALID	IN	HABITUAL	ALREADY HAPPENED
SQDOOB	INVALID			
EWOUAP	VALID	NO REL		
QQWWAA	VALID	NO REL		
DYAXMT	INVALID			
MXNQTB	VALID	IN	PUNCTUAL	ALREADY HAPPENED
CVVZIG	VALID	NO REL		
GCIMCQ	VALID	IN	PUNCTUAL	ONGOING
SBOSQW	VALID	NO REL		
KQXEJH	VALID	NO REL		
QPDSTO	VALID	NO REL		
VAPFCE	VALID	NO REL		
FASOEI	VALID	IN	HABITUAL	ALREADY HAPPENED
RZXCHS	VALID	IN	PUNCTUAL	ONGOING
XQGFQW	VALID	IN	HABITUAL	ONGOING
TZRLTC	VALID	IN	HABITUAL	ONGOING
JLYCYQ	INVALID			
AAUNWC	VALID	IN	PUNCTUAL	ONGOING
VXPERY	VALID	NO REL		
TJYARG	INVALID			
UHHTAC	VALID	IN	PUNCTUAL	ONGOING
GDZSHM	INVALID			
SHVJCX	VALID	NEAR	HABITUAL	ONGOING
HZKUNA	VALID	NEAR	PUNCTUAL	ONGOING
PGPMEV	VALID	NO REL		
SJGLYU	VALID	NO REL		
OOHUYK	VALID	NO REL		
WUMWFJ	VALID	IN	HABITUAL	ONGOING
CBQPVY	VALID	IN	HABITUAL	ONGOING
EDMZWT	VALID	IN	PUNCTUAL	ONGOING
CUYDKV	VALID	NO REL		
TCFPIO	VALID	NO REL		
SJTIJP	VALID	IN	PUNCTUAL	ONGOING
NDVRIE	INVALID			
ZUOOKK	VALID	NO REL		
EUXTGD	VALID	IN	PUNCTUAL	ONGOING
SUQDVK	VALID	NO REL		
UXUOHK	VALID	FROM	PUNCTUAL	ALREADY HAPPENED
WMGAET	VALID	IN	PUNCTUAL	ONGOING
UJKKHA	INVALID			
GEPVSK	VALID	IN	PUNCTUAL	ONGOING
ADVXSA	VALID	IN	PUNCTUAL	ONGOING
YNBNMJ	VALID	NEAR	PUNCTUAL	ONGOING
UPFXPB	VALID	IN	PUNCTUAL	ONGOING
KTNUMA	VALID	NO REL		
GTZEVQ	VALID	NEAR	PUNCTUAL	ONGOING
OZAETD	VALID	FROM	PUNCTUAL	ONGOING
YHJNSX	VALID	FROM	HABITUAL	ALREADY HAPPENED
PAJXQO	VALID	NO REL		
DJYHPJ	VALID	IN	PUNCTUAL	ALREADY HAPPENED
HUPOPS	VALID	NO REL		
ADXURK	VALID	IN	HABITUAL	ONGOING
YUXZAQ	VALID	IN	HABITUAL	ONGOING
FKGEDV	INVALID			
PMVCCB	INVALID			
VUPLWT	INVALID			
CSDZKE	VALID	NEAR	PUNCTUAL	ONGOING
BOFPDR	VALID	IN	PUNCTUAL	ONGOING
DVUEUE	VALID	NO REL		
XWVAPQ	VALID	NO REL		
ATDAWM	VALID	FROM	PUNCTUAL	ONGOING
MNSHQE	VALID	NO REL		
HBHQKB	VALID	FROM	PUNCTUAL	ALREADY HAPPENED
EKPKYO	VALID	IN	PUNCTUAL	ONGOING
DHYRDT	VALID	THRU	PUNCTUAL	ONGOING
WTMSHI	VALID	IN	HABITUAL	ONGOING
SCDKCU	INVALID			
HPFMVG	VALID	IN	HABITUAL	ONGOING
JEUKIN	VALID	NO REL		
AUTWCQ	VALID	IN	HABITUAL	ONGOING
XUBAGO	INVALID			
TCKRNE	VALID	NO REL		
YFCAWS	VALID	NO REL		
DHHUSS	VALID	NO REL		
IWPAFZ	VALID	TO	PUNCTUAL	ALREADY HAPPENED
TLVHBB	INVALID			
BFHEDE	VALID	NEAR	PUNCTUAL	ONGOING
DJVNRE	INVALID			
TRNRGD	INVALID			
CWJZDX	VALID	IN	HABITUAL	ONGOING
HUXVKM	VALID	IN	PUNCTUAL	ONGOING
OIETZY	VALID	IN	HABITUAL	ONGOING
GXBEHI	VALID	NO REL		
OZNQSO	INVALID			
APDHWZ	INVALID			
ZWMKNB	VALID	IN	PUNCTUAL	ONGOING
NYVHRJ	VALID	IN	HABITUAL	ONGOING
KPOIBE	VALID	IN	PUNCTUAL	ONGOING
CIWWYL	INVALID			
JAONYW	VALID	IN	PUNCTUAL	ALREADY HAPPENED
JHFALY	VALID	NO REL		
BQKFBY	VALID	NO REL		
DYSEJK	VALID	NO REL		
TLGOLH	VALID	IN	HABITUAL	ONGOING
PYRUNX	VALID	NO REL		
WGVWAF	INVALID			
JJNDTB	VALID	IN	HABITUAL	ONGOING
IHTPEM	VALID	IN	HABITUAL	ALREADY HAPPENED
XEFUFS	VALID	NO REL		
PPBTYJ	VALID	IN	PUNCTUAL	ONGOING
FTFRCY	VALID	THRU	PUNCTUAL	ONGOING
XEOHTV	INVALID			
QTGIIT	VALID	TO	HABITUAL	ONGOING
WNWPMO	VALID	IN	PUNCTUAL	ONGOING
LVFCXO	INVALID			
DXDLTQ	VALID	IN	HABITUAL	ALREADY HAPPENED
JEOWGT	VALID	NEAR	PUNCTUAL	ALREADY HAPPENED
VCKCFK	VALID	NO REL		
EEBRVS	VALID	NO REL		
SFWZCX	VALID	IN	PUNCTUAL	ALREADY HAPPENED
PGFRTF	INVALID			
TREFYG	VALID	IN	HABITUAL	ONGOING
GEXBKN	VALID	NEAR	PUNCTUAL	ONGOING
EFNNLP	VALID	NO REL		
OQTGQV	VALID	NO REL		
TWYAXE	VALID	NO REL		
KSFSCP	VALID	IN	PUNCTUAL	ONGOING
JETTQE	VALID	IN	PUNCTUAL	ONGOING
NKTVHJ	VALID	NO REL		
FJUKNC	VALID	NEAR	PUNCTUAL	ONGOING
RPKWGR	VALID	NO REL		
EFAWAU	VALID	IN	HABITUAL	ALREADY HAPPENED
TVRHFQ	INVALID			
SYIHIB	VALID	IN	HABITUAL	ALREADY HAPPENED
QHWHRI	VALID	IN	PUNCTUAL	ALREADY HAPPENED
PKKMZV	VALID	NO REL		
ALZKFI	VALID	NO REL		
LJVZIS	VALID	THRU	PUNCTUAL	ONGOING
FPOWRW	VALID	FROM	PUNCTUAL	ONGOING
XOAUOD	INVALID			
NSJWIS	VALID	IN	HABITUAL	ONGOING
YNBPXS	VALID	NO REL		
CRVWAZ	VALID	IN	HABITUAL	ONGOING
CGMUGE	VALID	NO REL		
CWUUMP	VALID	NO REL		
BMCVMO	VALID	NO REL		
YJGTKP	INVALID			
XNPDMY	INVALID			
CZKNXA	VALID	NO REL		
FKKTCJ	VALID	NO REL		
KIDCTI	VALID	IN	HABITUAL	ONGOING
UCCLWO	INVALID			
HNHTOP	VALID	IN	HABITUAL	ONGOING
FRHKHH	VALID	IN	PUNCTUAL	ALREADY HAPPENED
CEDQDK	VALID	NO REL		
EWXCSF	VALID	IN	HABITUAL	ONGOING
HGUMJD	INVALID			
ESRIKW	VALID	IN	HABITUAL	ONGOING
OKSTZH	VALID	IN	PUNCTUAL	ONGOING
BILYVD	VALID	IN	HABITUAL	ONGOING
TKTCUF	VALID	IN	HABITUAL	ALREADY HAPPENED
KXUJEI	VALID	NO REL		
LWTYSY	INVALID			
OTEJBF	VALID	IN	PUNCTUAL	ONGOING
TVARWT	VALID	NO REL		
EFFEQM	VALID	NO REL		
DVEQRG	VALID	IN	PUNCTUAL	ONGOING
QNWTXZ	VALID	IN	PUNCTUAL	ONGOING
YKSPYQ	INVALID			
NUIITA	VALID	IN	PUNCTUAL	ONGOING
QLTCBJ	VALID	NO REL		
HMYHPA	VALID	FROM	HABITUAL	ONGOING
ZAWPQC	VALID	IN	PUNCTUAL	ONGOING
DVNEHV	VALID	NO REL		
PHJWHA	VALID	IN	PUNCTUAL	ONGOING
QTALHK	INVALID			
JHTFCY	VALID	FROM	PUNCTUAL	ONGOING
KKCELW	VALID	IN	PUNCTUAL	ALREADY HAPPENED
LAQHKV	INVALID			
WVYRVV	VALID	IN	PUNCTUAL	ONGOING
SGAJWP	INVALID			
OEXOSR	INVALID			
ZIXTFO	INVALID			
HDVGTU	VALID	IN	PUNCTUAL	ONGOING
PDACEW	VALID	IN	HABITUAL	ALREADY HAPPENED
WFQAIJ	INVALID			
SDRJON	VALID	IN	PUNCTUAL	ONGOING
QHVOBH	VALID	THRU	PUNCTUAL	ONGOING
OLVFUL	VALID	IN	HABITUAL	ONGOING
TODKWY	VALID	TO	PUNCTUAL	ONGOING
LBCCOB	VALID	NO REL		
BQEPJH	VALID	NO REL		
XDZUEM	INVALID			
ACUJBD	VALID	IN	PUNCTUAL	ALREADY HAPPENED
GVIXMY	INVALID			
EJSNXH	VALID	IN	PUNCTUAL	ONGOING
EDJZPU	INVALID			
EWNMUV	VALID	TO	PUNCTUAL	ALREADY HAPPENED
CQWNEA	VALID	NO REL		
VLZCCN	VALID	IN	PUNCTUAL	ONGOING
DKFIQJ	VALID	IN	PUNCTUAL	ALREADY HAPPENED
ZIQGOW	VALID	NEAR	PUNCTUAL	ONGOING
KLTKTV	VALID	NO REL		
ABQKNK	VALID	NO REL		
XPTKPO	VALID	NO REL		
ZJUCUT	VALID	IN	PUNCTUAL	ONGOING
VMCWEL	VALID	NO REL		
AAKXST	VALID	NO REL		
TOELQM	VALID	NEAR	PUNCTUAL	ONGOING
XIOHUR	INVALID			
DCODSV	VALID	TO	HABITUAL	ONGOING
MOICUV	VALID	THRU	PUNCTUAL	ONGOING
VFEBHO	VALID	IN	HABITUAL	ALREADY HAPPENED
VBHWPI	VALID	IN	HABITUAL	ONGOING
MTYKUN	VALID	NO REL		
YLOMDT	INVALID			
TJHPLX	VALID	TO	PUNCTUAL	ONGOING
VZPRVX	VALID	FROM	PUNCTUAL	ALREADY HAPPENED
LLMSKD	VALID	NO REL		
ZGPGXU	VALID	NO REL		
TCBNZJ	VALID	THRU	PUNCTUAL	ONGOING
FYGFJE	INVALID			
HOCIWM	INVALID			
ACOSWL	VALID	IN	PUNCTUAL	ONGOING
QPFHJW	VALID	NEAR	PUNCTUAL	ONGOING
OASFKH	VALID	IN	PUNCTUAL	ALREADY HAPPENED
QRYTIV	VALID	IN	HABITUAL	ONGOING
WJPUMB	VALID	IN	HABITUAL	ALREADY HAPPENED
VBUWXM	VALID	NO REL		
SRISCP	INVALID			
RYTFCL	VALID	NO REL		
CWQDDB	VALID	IN	PUNCTUAL	ONGOING
LOQAGP	VALID	NO REL		
NZMDRW	VALID	NO REL		
EYREHJ	VALID	IN	PUNCTUAL	ONGOING
RNRYRW	VALID	NO REL		
YLPDBY	VALID	IN	PUNCTUAL	ONGOING
DDKPIN	VALID	IN	HABITUAL	ONGOING
RXFNYI	VALID	IN	HABITUAL	ONGOING
YTFDSF	VALID	IN	PUNCTUAL	ONGOING
PBQNCX	VALID	NO REL		
VPZFMF	VALID	NEAR	PUNCTUAL	ALREADY HAPPENED
MHHDOA	VALID	IN	HABITUAL	ONGOING
EQYPII	VALID	NO REL		
PNGDNX	INVALID			
VVFPUH	VALID	NO REL		
XYBYOK	VALID	IN	PUNCTUAL	ALREADY HAPPENED
GETXFA	VALID	NO REL		
NDLWLF	INVALID			
ADJCTU	VALID	IN	PUNCTUAL	ONGOING
PHJSDD	VALID	NO REL		
YKPBZD	VALID	IN	HABITUAL	ONGOING
VPNOXD	INVALID			
OHVUHO	INVALID			
PJMKNG	VALID	IN	PUNCTUAL	ONGOING
ESSIZH	VALID	IN	PUNCTUAL	ALREADY HAPPENED
MLXUWT	VALID	NO REL		
FUHOMG	INVALID			
GBRUMR	VALID	FROM	HABITUAL	ALREADY HAPPENED
HEHTNN	VALID	IN	PUNCTUAL	ALREADY HAPPENED
TQSCNE	VALID	IN	HABITUAL	ONGOING
EBLNOF	INVALID			
WSDTCK	VALID	THRU	PUNCTUAL	ONGOING
TAVTOG	VALID	NEAR	PUNCTUAL	ONGOING
GPBVXO	INVALID			
WOZSYQ	VALID	NO REL		
ADSWRG	VALID	NO REL		
WMPBAP	INVALID			
XYKODH	VALID	IN	PUNCTUAL	ONGOING
ZJFWMG	VALID	IN	HABITUAL	ALREADY HAPPENED
TFNKJH	VALID	IN	PUNCTUAL	ALREADY HAPPENED
AGPOFK	VALID	TO	PUNCTUAL	ONGOING
FWMJCU	VALID	NEAR	PUNCTUAL	ONGOING
BYBDZD	INVALID			
ISGITJ	INVALID			
BNMKSK	VALID	IN	HABITUAL	ONGOING
FLZVIE	VALID	TO	PUNCTUAL	ALREADY HAPPENED
KDFPSM	INVALID			
XPDRPZ	INVALID			
ISICYB	VALID	TO	PUNCTUAL	ONGOING
LDPRPG	VALID	NO REL		
VWOCMO	VALID	NEAR	HABITUAL	ONGOING
ZERWVS	VALID	NO REL		
GPJZQT	VALID	THRU	PUNCTUAL	ONGOING
TVRAQJ	INVALID			
VROEDM	VALID	NO REL		
BMKOUA	VALID	NO REL		
SGXKBT	VALID	NO REL		
WSAIKG	INVALID			
JSCTCF	VALID	IN	PUNCTUAL	ONGOING
PNMGSQ	VALID	TO	PUNCTUAL	ONGOING
KZXEVX	INVALID			
MVYXUV	VALID	TO	PUNCTUAL	ONGOING
ZHZLRZ	VALID	IN	PUNCTUAL	ONGOING
PELZJH	VALID	IN	HABITUAL	ALREADY HAPPENED
PHROOM	VALID	IN	HABITUAL	ONGOING
HUCBOV	VALID	THRU	HABITUAL	ONGOING
RDIMZF	VALID	FROM	HABITUAL	ALREADY HAPPENED
RDAMSV	VALID	NO REL		
EPCEXL	INVALID			
WLJLWZ	VALID	NO REL		
LLOUHH	VALID	NO REL		
TOVNOH	VALID	IN	PUNCTUAL	ALREADY HAPPENED
WQDZYI	VALID	NO REL		
EJRPGM	VALID	IN	HABITUAL	ALREADY HAPPENED
CCPVEF	VALID	NO REL		
RYFHQU	VALID	NO REL		
XDNZSV	VALID	IN	HABITUAL	ONGOING
ZQNJTV	VALID	NEAR	PUNCTUAL	ALREADY HAPPENED
JBWQET	VALID	IN	HABITUAL	ALREADY HAPPENED
OVIMRG	VALID	IN	HABITUAL	ALREADY HAPPENED
VBFGOG	VALID	IN	PUNCTUAL	ONGOING
KQJBRW	INVALID			
MTITBU	INVALID			
RUMJZY	INVALID			
BAKAEO	VALID	IN	PUNCTUAL	ONGOING
CDSZPB	VALID	IN	PUNCTUAL	ALREADY HAPPENED
OXVVQO	INVALID			
QQVBAQ	VALID	IN	HABITUAL	ONGOING
SSDNSZ	VALID	NO REL		
ITPZAQ	VALID	NEAR	PUNCTUAL	ONGOING
EOQSRF	VALID	IN	PUNCTUAL	ALREADY HAPPENED
XAQNFK	VALID	IN	PUNCTUAL	ONGOING
DLHFVE	VALID	NO REL		
XXKZHT	VALID	NO REL		
XCMXWI	VALID	TO	HABITUAL	ONGOING
PJSUIX	VALID	NO REL		
SKGZRM	VALID	FROM	PUNCTUAL	ONGOING
ZAVTSU	VALID	NO REL		
IVPQPE	INVALID			
EQJIRB	VALID	IN	PUNCTUAL	ONGOING
JMZDTE	INVALID			
FVUCBP	VALID	NO REL		
VUZRSD	VALID	NO REL		
AKXIOZ	VALID	IN	HABITUAL	ALREADY HAPPENED
PQHABO	VALID	NO REL		
WEYYAM	VALID	NO REL		
DGZHGD	VALID	IN	HABITUAL	ALREADY HAPPENED
ITNSWH	INVALID			
NCYRME	VALID	NO REL		
TGRGMU	VALID	IN	HABITUAL	ONGOING
CPZHZU	INVALID			
INBORQ	VALID	IN	PUNCTUAL	ALREADY HAPPENED
UEFYMA	VALID	NO REL		
HWITRK	VALID	TO	PUNCTUAL	ONGOING
SDAXLH	VALID	NEAR	PUNCTUAL	ONGOING
JBONJD	VALID	IN	PUNCTUAL	ALREADY HAPPENED
TMZXIM	VALID	IN	HABITUAL	ALREADY HAPPENED
GCRCMV	VALID	NO REL		
DNPBJU	INVALID			
GWYSOA	VALID	NO REL		
FPBDAC	VALID	IN	PUNCTUAL	ALREADY HAPPENED
CMSJAT	VALID	IN	PUNCTUAL	ONGOING
DXCKHS	VALID	IN	HABITUAL	ONGOING
WQVUFC	VALID	NO REL		
FZQVBG	VALID	IN	HABITUAL	ONGOING
MQAXYT	VALID	IN	HABITUAL	ALREADY HAPPENED
GWNQXM	INVALID			
MUSORS	VALID	FROM	HABITUAL	ALREADY HAPPENED
FXUSZZ	INVALID			
ZTGUWW	VALID	NO REL		
AOEPUK	VALID	IN	HABITUAL	ALREADY HAPPENED
ZKIDUR	INVALID			
JUWLBS	VALID	NO REL		
JNMJND	VALID	NEAR	PUNCTUAL	ONGOING
FCUZAH	INVALID			
YDETAH	VALID	IN	HABITUAL	ALREADY HAPPENED
VDKWMZ	VALID	IN	HABITUAL	ALREADY HAPPENED
FEJJFL	VALID	NO REL		
CHZOYW	VALID	NEAR	HABITUAL	ALREADY HAPPENED
AJMEXH	INVALID			
GVEWZF	INVALID			
UUCBTC	VALID	NO REL		
UOGFRC	INVALID			
SKMRAU	VALID	IN	PUNCTUAL	ALREADY HAPPENED
CEYXVC	VALID	IN	PUNCTUAL	ALREADY HAPPENED
ALLAPD	INVALID			
AALGQX	VALID	TO	PUNCTUAL	ONGOING
ILZGXZ	VALID	IN	PUNCTUAL	ALREADY HAPPENED
UYXIKL	VALID	NO REL		
UIQYZJ	VALID	TO	PUNCTUAL	ONGOING
WTETZZ	VALID	IN	PUNCTUAL	ONGOING
YYOYZE	INVALID			
XQXVBN	VALID	FROM	PUNCTUAL	ONGOING
ZWOOMV	VALID	NEAR	PUNCTUAL	ONGOING
OPUPCZ	VALID	IN	PUNCTUAL	ALREADY HAPPENED
WZMKNO	INVALID			
MGHUHC	VALID	IN	PUNCTUAL	ONGOING
YYIDOS	VALID	NO REL		
SMWGZY	VALID	IN	HABITUAL	ALREADY HAPPENED	
LCOWBJ	VALID	NO REL		
WEPTXQ	VALID	NO REL		
KXMBIJ	VALID	IN	HABITUAL	ONGOING
QNMHFJ	VALID	TO	PUNCTUAL	ONGOING
HGPFZI	VALID	NO REL		
IUAMVS	INVALID			
EULJLP	INVALID			
IVBQBV	VALID	TO	PUNCTUAL	ONGOING
OWQNLT	INVALID			
BGBJQS	VALID	IN	PUNCTUAL	ONGOING
FDWAIA	VALID	NO REL		
DNVMNH	INVALID			
PLXAJA	VALID	IN	PUNCTUAL	ONGOING
JXNEMA	VALID	IN	PUNCTUAL	ONGOING
PTUYKW	VALID	NO REL		
LJAUUE	VALID	IN	HABITUAL	ONGOING
LGFSIR	VALID	NO REL		
VIYRVW	INVALID			
BYBFGS	INVALID			
LGBYWP	VALID	IN	HABITUAL	ONGOING
BUCQCZ	INVALID			
GKLZQA	INVALID			
JRSZRS	VALID	NO REL		
HGMDMV	VALID	NO REL		
MRRQFI	INVALID			
GOVVMD	VALID	IN	PUNCTUAL	ONGOING
SNYLIG	VALID	IN	HABITUAL	ONGOING
ZVTPYX	VALID	IN	PUNCTUAL	ONGOING
WGPULA	VALID	IN	PUNCTUAL	ONGOING
KXJWSU	INVALID			
NFGCWB	VALID	IN	HABITUAL	ALREADY HAPPENED
RDSWHQ	VALID	IN	HABITUAL	ONGOING
ONQOFV	INVALID			
SPIVBK	VALID	TO	PUNCTUAL	ALREADY HAPPENED
ETPAII	VALID	NO REL		
JLZIBF	VALID	TO	PUNCTUAL	ALREADY HAPPENED
CUKBFN	VALID	IN	PUNCTUAL	ALREADY HAPPENED
ILMMSR	VALID	TO	PUNCTUAL	ONGOING
MYNBJW	VALID	NO REL		
MRSTQT	INVALID			
ZMIYDD	VALID	NO REL		
VNSBXY	VALID	NO REL		
JYQWAF	VALID	IN	HABITUAL	ONGOING
ZVJCTD	INVALID			
OFFWUC	VALID	NO REL		
PRISBS	INVALID			
UUPWFN	VALID	NO REL		
LLNTHT	VALID	NO REL		
PEGVWI	VALID	NO REL		
HDQDQL	VALID	IN	PUNCTUAL	ALREADY HAPPENED
PYRKJT	VALID	NO REL		
FFPVOV	VALID	IN	HABITUAL	ALREADY HAPPENED
QTNCMC	VALID	THRU	PUNCTUAL	ONGOING
VLSIBV	VALID	IN	PUNCTUAL	ONGOING
LZDVTN	VALID	NEAR	PUNCTUAL	ONGOING
IDMYOR	VALID	NO REL		
DOIKGG	VALID	NO REL		
KIDQJU	VALID	NO REL		
HQETNF	VALID	TO	PUNCTUAL	ONGOING
MEANYY	VALID	NEAR	PUNCTUAL	ONGOING
GHMJPQ	VALID	NO REL		
TLXKUO	VALID	FROM	PUNCTUAL	ONGOING
DHTOII	VALID	FROM	PUNCTUAL	ALREADY HAPPENED
QRSFDV	VALID	IN	PUNCTUAL	ALREADY HAPPENED
UYWSGJ	VALID	TO	HABITUAL	ONGOING
NSSMBO	INVALID			
HZNSPL	VALID	IN	HABITUAL	ALREADY HAPPENED
XHHHCZ	VALID	IN	PUNCTUAL	ONGOING
LUIQRB	VALID	IN	PUNCTUAL	ALREADY HAPPENED
GZXADE	INVALID			
XSMKZH	VALID	IN	HABITUAL	ALREADY HAPPENED
PPLAWB	INVALID			
OAVBVG	VALID	NO REL		
JHCPFC	VALID	FROM	HABITUAL	ONGOING
BPAORW	INVALID			
GYQJIS	INVALID			
WXVZMW	VALID	TO	PUNCTUAL	ALREADY HAPPENED
QYCQVU	VALID	NEAR	PUNCTUAL	ONGOING
LTWRTP	VALID	NO REL		
OQWIDM	VALID	NO REL		
CGOLCX	VALID	NEAR	PUNCTUAL	ONGOING
JNVMVQ	INVALID			
MMCWVU	VALID	NO REL		
GHXGSA	INVALID			
JSNUXQ	INVALID			
NLBUHT	VALID	NO REL		
WAGIYM	INVALID			
OSOOIM	INVALID			
SYSXUI	VALID	NO REL		
RVTZCZ	VALID	NO REL		
RDQMZG	INVALID			
ULASHX	VALID	NO REL		
IBGTQY	VALID	NO REL	PUNCTUAL	ONGOING
MJGCRR	VALID	IN	PUNCTUAL	ONGOING
VOJKTH	VALID	IN	PUNCTUAL	ALREADY HAPPENED
VXZBJT	VALID	TO	HABITUAL	ONGOING
KKBYEA	VALID	IN	HABITUAL	ONGOING
AFNYUN	VALID	NO REL		
HCEVVU	VALID	THRU	PUNCTUAL	ALREADY HAPPENED
MJKLZO	VALID	TO	HABITUAL	ALREADY HAPPENED
LAIMAK	VALID	NO REL		
GEORVJ	VALID	NEAR	PUNCTUAL	ONGOING
URHMHF	VALID	IN	HABITUAL	ONGOING
NPRMIU	VALID	THRU	HABITUAL	ALREADY HAPPENED
UEHDKZ	INVALID			
SEKQIQ	VALID	IN	HABITUAL	ONGOING
HKAHMC	VALID	NO REL		
BLIEVK	VALID	IN	PUNCTUAL	ALREADY HAPPENED
HDMUWI	VALID	NO REL		
VBOBMU	INVALID			
MLATXP	VALID	NO REL		
JLCCYN	INVALID			
NTMTAN	VALID	IN	PUNCTUAL	ONGOING
ZKVJLG	VALID	NO REL		
OILKRN	VALID	NEAR	HABITUAL	ONGOING
MDFZGD	INVALID			
FXSQVQ	VALID	NEAR	PUNCTUAL	ONGOING
VHASOL	INVALID			
HFTHWU	INVALID			
VXILET	VALID	NO REL		
GVAODF	INVALID			
NXGCVJ	VALID	IN	HABITUAL	ONGOING
UNLLWM	VALID	IN	HABITUAL	ONGOING
NSVWZB	INVALID			
EPBQOA	VALID	TO	HABITUAL	ONGOING
YBGYAQ	INVALID			
QGMYMI	VALID	NO REL		
PFDGWP	VALID	IN	HABITUAL	ONGOING
OFTIFZ	VALID	FROM	HABITUAL	ONGOING
VDLNMQ	VALID	NO REL		
MEISBO	VALID	IN	PUNCTUAL	ALREADY HAPPENED
CODYCX	VALID	NO REL		
ZBZQFA	VALID	NO REL		
XYTWOU	VALID	IN	PUNCTUAL	ALREADY HAPPENED
DCYZGS	VALID	NO REL		
QYOBJI	VALID	IN	PUNCTUAL	ONGOING
DTSKOF	VALID	TO	PUNCTUAL	ONGOING
JTKMDH	VALID	FROM	HABITUAL	ONGOING
RVEIZA	VALID	IN	HABITUAL	ALREADY HAPPENED
KRDNEW	INVALID			
GQYAFI	VALID	IN	PUNCTUAL	ONGOING
XANSPN	VALID	IN	HABITUAL	ONGOING
STVRYZ	VALID	IN	PUNCTUAL	ALREADY HAPPENED
LHCBGB	VALID	IN	PUNCTUAL	ONGOING
LGPDOA	INVALID			
DDMIGW	VALID	NO REL		
OYNNVS	VALID	IN	PUNCTUAL	ONGOING
MEZNMT	VALID	IN	PUNCTUAL	ONGOING
CYHRYS	VALID	IN	PUNCTUAL	ONGOING
ASQORS	VALID	IN	HABITUAL	ONGOING
EMBDVR	VALID	IN	PUNCTUAL	ALREADY HAPPENED
QLWHLH	INVALID			
PEXNUZ	VALID	IN	HABITUAL	ONGOING
MAEJYQ	VALID	NEAR	PUNCTUAL	ALREADY HAPPENED
TVJYHC	VALID	IN	HABITUAL	ALREADY HAPPENED
GCQVYH	VALID	IN	PUNCTUAL	ONGOING
RUYDCZ	VALID	THRU	PUNCTUAL	ALREADY HAPPENED
UHGQQY	VALID	TO	PUNCTUAL	ALREADY HAPPENED
YPGZIU	VALID	IN	PUNCTUAL	ONGOING
RICKRL	VALID	IN	HABITUAL	ONGOING
MMYJWL	VALID	IN	PUNCTUAL	ONGOING
ZGSXYN	INVALID			
ONIMID	INVALID			
PVRPLK	VALID	NO REL		
IESZAJ	VALID	IN	PUNCTUAL	ONGOING
VRYFXE	VALID	IN	HABITUAL	ALREADY HAPPENED
UBAJZZ	VALID	NO REL		
LBQGPV	VALID	TO	PUNCTUAL	ONGOING
OLJMLZ	INVALID			
LXQJGY	INVALID			
BZYFSW	VALID	NO REL		
PPHXJL	VALID	NEAR	HABITUAL	ONGOING
GSTIPM	VALID	IN	PUNCTUAL	ONGOING
PEJEFV	VALID	IN	HABITUAL	ONGOING
UMBZWD	INVALID			
DJVOJB	VALID	NO REL		
RRZRKD	VALID	IN	HABITUAL	ONGOING
UJZBFO	VALID	NEAR	PUNCTUAL	ONGOING
ANNVTI	VALID	IN	HABITUAL	ALREADY HAPPENED
EEIDVE	VALID	TO	HABITUAL	ONGOING
TPTDPF	VALID	IN	PUNCTUAL	ALREADY HAPPENED
HYFREC	VALID	IN	HABITUAL	ONGOING
QMPLNS	VALID	IN	HABITUAL	ALREADY HAPPENED
SLWZWJ	VALID	FROM	PUNCTUAL	ALREADY HAPPENED
HBNKTO	VALID	NO REL		
IKXNXY	VALID	IN	HABITUAL	ONGOING
YEJMQO	VALID	NO REL		
TRTZQJ	VALID	IN	HABITUAL	ONGOING
VQVMKY	VALID	TO	PUNCTUAL	ALREADY HAPPENED
ABREDQ	VALID	IN	HABITUAL	ONGOING
WDLWPT	VALID	IN	HABITUAL	ALREADY HAPPENED
BQBRDX	VALID	IN	HABITUAL	ONGOING
HNOSPY	VALID	NEAR	HABITUAL	ALREADY HAPPENED
BRPRPV	VALID	IN	HABITUAL	ONGOING
NWZJZN	VALID	NEAR	PUNCTUAL	ONGOING
PQADYS	VALID	IN	HABITUAL	ONGOING
WOPMSC	VALID	NO REL		
GROISX	INVALID			
KBGFMQ	VALID	NEAR	PUNCTUAL	ONGOING
MTFCDI	VALID	NO REL		
ZTMBHC	INVALID			
KBKHUU	VALID	IN	PUNCTUAL	ALREADY HAPPENED
EVESKI	VALID	TO	PUNCTUAL	ALREADY HAPPENED
RXZWMV	VALID	IN	PUNCTUAL	ONGOING
GZGHDN	VALID	NO REL		
ZYMRDB	VALID	IN	HABITUAL	ONGOING
XPYKJO	VALID	IN	HABITUAL	ALREADY HAPPENED
FAGWAZ	VALID	IN	PUNCTUAL	ONGOING
NWGOTG	VALID	NEAR	PUNCTUAL	ONGOING
NUFQQD	VALID	IN	PUNCTUAL	ONGOING
RJLTCW	INVALID			
XSHXVC	VALID	NO REL		
NZINGW	VALID	IN	HABITUAL	ALREADY HAPPENED
CWAUFI	INVALID			
WRUPXR	VALID	IN	PUNCTUAL	ONGOING
VYRBNU	VALID	NO REL		
MOMVTQ	VALID	NEAR	PUNCTUAL	ONGOING
KGLMOF	VALID	NO REL		
BJFYBI	VALID	THRU	PUNCTUAL	ONGOING
NMIFMR	INVALID			
WGLLRQ	INVALID			
DQFOFX	VALID	NO REL		
UTLKQX	VALID	IN	HABITUAL	ALREADY HAPPENED
QKEYVU	VALID	NO REL		
KAVELD	VALID	NEAR	PUNCTUAL	ONGOING
WGVMNA	VALID	IN	PUNCTUAL	ONGOING
GGSLIK	VALID	FROM	PUNCTUAL	ALREADY HAPPENED
PDJGBA	VALID	NEAR	PUNCTUAL	ONGOING
SISSQV	VALID	IN	HABITUAL	ONGOING
NLTDPB	VALID	NO REL		
SNWILB	VALID	FROM	HABITUAL	ALREADY HAPPENED
CIIHAG	INVALID			
PXVGER	INVALID			
EPMAPP	VALID	IN	HABITUAL	ONGOING
XTVUVK	INVALID			
BDMYSS	VALID	NO REL		
WYGXUR	VALID	IN	HABITUAL	ONGOING
RWUGGI	INVALID			
ZHHMPO	VALID	IN	PUNCTUAL	ALREADY HAPPENED
FFIWCJ	INVALID			
PJHZPM	VALID	NO REL		
MVQULT	VALID	NO REL		
IGWAFZ	VALID	IN	HABITUAL	ALREADY HAPPENED
NTTGAU	VALID	IN	HABITUAL	ALREADY HAPPENED
SXBBUI	VALID	NO REL		
SJBONL	INVALID			
FZTLJV	VALID	IN	PUNCTUAL	ONGOING
PFTGNX	VALID	FROM	PUNCTUAL	ALREADY HAPPENED
JEKEDV	VALID	NEAR	PUNCTUAL	ONGOING
VDXPZR	VALID	IN	PUNCTUAL	ONGOING
XZGPCE	VALID	NO REL		
ZDPBHO	VALID	IN	PUNCTUAL	ONGOING
WISUGX	VALID	IN	HABITUAL	ONGOING
CRULSO	VALID	NO REL		
FCZIGJ	VALID	NO REL		
RZEUCB	VALID	NEAR	HABITUAL	ONGOING
LWXYGD	VALID	IN	HABITUAL	ONGOING
CYNUVN	VALID	NEAR	PUNCTUAL	ONGOING
JCDHCL	VALID	TO	HABITUAL	ALREADY HAPPENED
CKJUQP	VALID	FROM	HABITUAL	ALREADY HAPPENED
BMVYKP	VALID	IN	HABITUAL	ONGOING
EUNCHY	VALID	NO REL		
RNABKA	VALID	TO	PUNCTUAL	ONGOING
